label_id,ground_truth
8,1
9,1
11,1
14,1
18,1
19,1
20,1
22,1
23,1
26,1
30,1
31,1
38,1
44,1
46,1
50,1
51,1
55,1
56,1
58,1
59,1
60,1
62,1
63,1
71,1
72,1
74,1
75,1
76,1
77,1
81,1
83,1
86,1
91,1
93,1
96,1
98,1
103,1
108,1
109,1
133,1
134,1
140,1
141,1
148,1
149,1
150,1
151,1
152,1
153,0
154,1
158,1
159,1
160,1
161,1
163,1
164,1
166,1
167,1
168,1
169,1
172,1
173,1
174,1
176,1
177,1
178,1
179,1
180,1
181,1
182,1
183,1
185,1
187,1
188,1
190,1
193,1
195,1
196,1
197,1
198,1
199,1
200,1
201,0
202,1
204,1
205,1
206,1
208,1
211,1
212,1
215,1
216,1
218,1
219,1
220,1
221,1
222,1
223,1
224,1
226,1
227,1
229,1
230,1
236,1
238,1
239,1
240,1
241,1
242,1
243,1
244,1
245,1
246,1
247,1
248,1
250,1
251,1
252,1
254,1
255,1
258,1
261,1
262,1
263,1
264,1
266,1
271,1
272,1
275,1
276,1
277,1
278,1
279,1
280,1
281,1
282,1
283,1
285,1
287,1
290,1
291,1
292,1
293,1
294,1
296,1
297,1
298,1
300,1
301,1
302,1
303,1
310,1
311,1
312,1
313,1
314,1
316,1
317,1
318,1
319,1
322,1
323,1
324,1
325,1
326,1
327,1
328,1
329,1
330,1
332,1
333,1
334,1
335,1
336,1
338,1
339,1
343,1
344,1
348,1
349,1
350,1
351,1
352,1
354,1
355,1
356,1
357,1
358,1
359,1
360,1
361,1
362,1
365,1
366,1
367,1
368,1
374,1
375,1
376,1
378,1
380,1
381,1
383,1
384,1
386,1
387,1
389,1
390,1
393,1
394,1
396,1
398,1
400,1
401,1
403,1
405,1
406,1
407,1
409,1
410,1
411,1
412,1
413,1
414,1
415,1
416,1
417,1
418,1
421,1
422,1
425,1
426,1
427,1
428,1
429,1
430,1
432,1
433,1
436,1
437,1
438,1
442,1
443,1
448,1
449,1
461,1
463,1
464,1
465,1
466,1
468,1
469,1
470,1
471,1
473,1
474,1
475,1
476,1
477,1
480,1
486,1
487,1
489,1
491,1
492,1
493,1
495,1
496,1
499,1
500,1
502,1
503,1
504,1
506,1
507,1
508,1
511,1
513,1
514,1
517,1
519,1
520,1
521,1
523,1
527,1
528,1
529,1
530,1
531,1
533,1
534,1
535,1
537,1
539,1
541,1
542,1
544,1
545,1
548,1
549,1
550,1
552,1
553,1
554,1
555,1
556,1
557,1
564,1
565,1
566,1
569,1
570,1
571,1
572,1
573,1
574,1
575,1
578,1
579,1
580,1
583,1
585,1
586,1
587,1
588,1
589,1
590,1
591,1
592,1
593,1
595,1
597,1
598,1
600,1
601,1
602,1
603,1
604,1
606,1
607,1
611,1
612,1
613,1
614,1
615,1
621,1
623,1
624,1
625,1
629,1
630,1
631,1
632,1
634,1
635,1
637,1
638,1
640,1
642,1
643,1
644,1
645,1
646,1
647,1
648,1
649,1
650,1
651,1
652,1
653,1
656,1
657,1
660,1
664,1
665,1
666,1
667,1
669,1
672,1
674,1
675,1
676,1
677,1
678,1
680,1
681,1
682,1
683,1
684,1
685,1
686,1
687,1
688,1
689,1
690,1
692,1
693,1
694,1
695,1
696,1
697,1
698,1
703,1
704,1
705,1
707,1
708,1
709,1
711,1
712,1
713,1
714,1
717,1
719,1
720,1
721,1
724,1
725,1
727,1
728,1
729,1
730,1
732,1
733,1
734,1
735,1
736,1
737,1
738,1
739,1
740,1
741,1
742,1
743,1
747,1
749,1
754,1
755,1
757,1
758,1
761,1
762,1
763,1
764,1
766,1
771,1
773,1
775,1
777,1
778,1
779,1
780,1
781,1
782,1
783,1
784,1
786,1
787,1
788,1
789,1
791,1
793,1
795,1
797,0
798,1
799,1
801,1
803,1
806,1
807,1
808,1
809,1
811,1
812,1
813,1
814,1
815,1
830,1
833,0
834,1
835,1
837,1
838,1
839,1
841,1
843,1
844,1
845,1
846,1
847,1
848,1
850,1
851,1
853,1
855,1
856,1
857,1
858,1
859,1
860,1
863,1
864,1
867,1
869,1
870,1
874,1
877,1
879,1
880,1
889,0
890,1
891,1
895,1
896,1
898,1
899,1
900,1
902,1
904,1
905,1
906,1
907,1
908,1
910,1
912,1
916,0
920,0
921,1
925,1
926,1
927,1
931,1
933,1
934,1
936,1
937,1
938,1
939,1
944,1
946,1
947,1
951,1
958,0
959,1
961,0
962,1
963,1
964,1
967,1
970,0
974,1
976,1
977,1
978,1
979,1
985,1
988,1
990,1
991,1
992,1
996,1
1001,1
1004,1
1009,0
1013,0
1014,1
1015,0
1016,0
1017,0
1020,1
1022,1
1023,0
1024,1
1027,1
1029,1
1031,1
1032,1
1035,1
1050,1
1051,1
1052,1
1054,1
1055,1
1056,1
1057,1
1058,1
1059,1
1060,1
1062,1
1065,0
1066,0
1067,0
1069,0
1070,1
1071,1
1075,1
1076,1
1078,1
1081,1
1084,1
1085,1
1086,1
1089,0
1090,1
1091,1
1096,1
1099,1
1101,1
1112,1
1114,1
1115,1
1116,1
1118,1
1121,1
1122,1
1123,0
1124,1
1125,1
1128,0
1129,1
1132,1
1133,0
1134,1
1135,0
1136,0
1137,1
1139,1
1141,1
1142,1
1149,1
1151,1
1152,1
1158,1
1160,1
1161,1
1162,1
1164,1
1166,1
1167,1
1168,1
1169,1
1170,1
1173,1
1178,1
1179,1
1180,1
1181,1
1182,1
1186,1
1190,1
1192,1
1193,1
1194,1
1195,1
1196,1
1198,1
1199,1
1200,1
1201,1
1203,1
1204,1
1205,1
1208,1
1210,1
1212,1
1214,1
1216,1
1217,1
1218,1
1219,1
1220,1
1222,1
1225,1
1226,1
1227,1
1231,1
1235,1
1236,0
1237,1
1238,0
1242,1
1243,1
1245,1
1246,1
1247,1
1248,1
1253,0
1254,1
1255,1
1256,1
1258,0
1261,0
1262,1
1265,1
1266,1
1267,1
1269,1
1272,1
1275,1
1277,1
1278,1
1282,1
1285,1
1286,1
1289,1
1290,1
1291,1
1294,1
1296,0
1298,0
1299,1
1300,1
1301,1
1303,1
1309,1
1312,1
1316,1
1320,1
1324,1
1325,1
1326,1
1328,0
1329,0
1330,0
1331,0
1333,1
1335,1
1336,1
1338,1
1339,1
1340,1
1344,1
1346,1
1347,1
1350,1
1351,1
1352,1
1355,1
1356,1
1357,1
1360,1
1361,1
1366,1
1367,1
1368,1
1370,1
1371,1
1372,0
1373,1
1375,1
1376,1
1377,1
1379,1
1380,1
1381,1
1382,1
1384,1
1385,1
1386,0
1387,0
1389,0
1390,0
1391,1
1393,0
1395,0
1397,0
1399,1
1404,1
1407,0
1410,0
1412,1
1415,1
1418,1
1421,0
1425,1
1426,1
1427,1
1428,1
1429,0
1431,1
1433,1
1434,1
1435,1
1438,1
1440,1
1441,0
1443,1
1444,1
1445,1
1446,1
1448,1
1449,1
1450,1
1453,1
1454,1
1456,1
1457,1
1458,1
1459,1
1464,0
1465,1
1467,1
1470,1
1471,1
1472,1
1476,1
1477,0
1478,1
1481,1
1483,1
1487,1
1488,1
1491,1
1494,1
1499,1
1504,1
1508,1
1509,1
1510,1
1511,1
1512,1
1513,1
1516,1
1517,1
1520,1
1522,1
1524,1
1525,1
1526,1
1527,1
1528,1
1531,1
1532,1
1534,1
1564,1
1578,1
1579,1
1583,1
1585,1
1586,1
1587,1
1588,1
1589,1
1590,1
1592,1
1593,1
1605,1
1606,1
1607,1
1608,1
1611,1
1617,1
1618,1
1623,1
1628,1
1631,1
1637,1
1643,1
1644,1
1645,1
1646,1
1647,1
1648,1
1652,1
1662,1
1663,1
1664,1
1672,0
1674,0
1675,0
1676,0
1678,0
1679,0
1681,0
1682,0
1684,0
1688,0
1697,1
1699,1
1700,1
1701,1
1702,1
1706,1
1710,1
1728,1
1729,1
1732,1
1733,1
1736,1
1738,1
1739,1
1743,1
1748,1
1749,1
1753,0
1758,1
1759,1
1763,1
1764,1
1765,0
1768,1
1771,1
1772,1
1773,1
1774,1
1775,1
1781,1
1782,1
1783,1
1785,1
1790,1
1791,1
1793,1
1795,1
1796,1
1797,1
1806,1
1808,1
1812,1
1813,1
1814,1
1815,1
1817,1
1818,1
1819,1
1823,1
1824,1
1826,1
1827,1
1833,0
1835,1
1836,1
1838,1
1845,1
1846,1
1849,0
1853,1
1856,1
1857,1
1864,0
1867,1
1874,1
1878,1
1888,1
1899,1
1901,1
1903,0
1904,1
1905,1
1908,1
1909,1
1911,1
1914,0
1924,1
1926,1
1929,1
1930,1
1932,1
1934,1
1937,1
1939,1
1941,1
1945,1
1960,1
1962,1
1965,1
1966,1
1969,1
1971,1
1974,1
1979,1
1980,1
1981,0
1982,1
1985,1
1986,1
1988,1
1989,1
1991,1
1994,1
1995,1
1996,1
1998,1
2000,1
2002,1
2005,1
2008,1
2010,1
2011,1
2013,1
2015,0
2016,0
2019,1
2026,1
2029,1
2031,1
2033,1
2035,1
2049,1
2054,1
2055,1
2059,1
2061,1
2062,1
2064,1
2073,1
2080,1
2085,1
2089,1
2090,1
2092,1
2096,1
2100,0
2101,1
2103,1
2106,1
2110,1
2111,1
2113,0
2114,1
2117,1
2119,1
2120,0
2123,1
2126,1
2135,1
2138,1
2139,1
2153,1
2155,1
2163,0
2164,1
2169,1
2171,1
2177,1
2179,1
2181,1
2182,0
2183,1
2184,1
2185,1
2186,1
2187,1
2189,1
2190,1
2192,1
2197,1
2200,1
2203,1
2206,1
2212,1
2213,1
2214,1
2217,1
2218,1
2219,1
2220,1
2222,1
2227,1
2230,1
2234,1
2239,1
2241,1
2243,1
2250,1
2252,1
2256,1
2263,1
2265,1
2270,1
2271,1
2272,1
2274,1
2279,1
2281,1
2282,1
2283,1
2284,1
2287,1
2290,1
2291,1
2292,1
2293,1
2294,1
2295,1
2297,1
2298,0
2300,1
2302,1
2303,1
2305,1
2306,0
2315,0
2319,1
2327,0
2345,1
2346,1
2349,1
2352,1
2354,1
2355,1
2363,0
2364,0
2365,0
2366,1
2367,1
2368,1
2369,1
2370,1
2372,1
2373,1
2375,1
2377,1
2378,1
2379,1
2380,1
2381,1
2387,1
2388,1
2389,1
2394,1
2395,0
2396,1
2398,1
2399,1
2403,1
2412,1
2416,1
2420,1
2422,1
2436,1
2438,1
2443,1
2444,1
2447,1
2449,1
2452,1
2454,1
2462,1
2471,1
2472,1
2474,1
2475,1
2477,1
2482,1
2484,1
2486,1
2488,1
2497,1
2499,1
2503,1
2504,1
2506,1
2508,0
2510,0
2514,1
2515,1
2519,1
2520,1
2522,0
2523,0
2524,0
2525,0
2528,0
2529,1
2531,1
2532,0
2540,1
2543,0
2556,1
2557,1
2560,0
2562,0
2564,0
2577,1
2585,1
2586,0
2597,1
2598,1
2606,1
2616,1
2618,1
2623,1
2624,1
2625,1
2626,1
2629,1
2633,0
2634,1
2636,0
2637,0
2638,0
2640,1
2641,1
2643,1
2644,1
2647,1
2648,1
2655,1
2656,1
2659,1
2661,1
2662,1
2663,1
2667,1
2669,1
2672,1
2679,1
2680,1
2681,1
2684,1
2689,1
2690,1
2694,1
2701,1
2702,1
2704,1
2705,1
2707,1
2710,1
2712,1
2715,1
2722,1
2723,1
2730,1
2731,1
2733,1
2736,1
2737,1
2738,1
2739,1
2740,1
2741,1
2744,1
2748,0
2750,0
2754,1
2755,1
2758,1
2759,1
2760,1
2765,0
2766,1
2767,1
2770,0
2773,1
2776,1
2779,1
2781,0
2782,0
2783,0
2790,1
2795,1
2803,1
2804,0
2808,0
2809,1
2810,1
2812,1
2813,1
2814,1
2816,1
2818,1
2821,1
2837,1
2838,1
2840,1
2844,1
2846,1
2847,0
2849,0
2850,0
2854,0
2855,0
2856,1
2857,0
2858,0
2860,1
2861,0
2862,0
2868,1
2872,1
2873,1
2874,1
2875,0
2888,0
2890,0
2891,1
2892,0
2899,1
2900,0
2902,1
2903,0
2906,0
2910,1
2912,0
2914,1
2923,1
2926,0
2927,0
2928,1
2929,1
2930,0
2932,0
2933,0
2934,0
2937,0
2938,0
2939,0
2940,0
2942,0
2943,0
2944,0
2945,0
2948,0
2949,0
2950,0
2951,0
2952,0
2953,0
2954,0
2955,1
2962,1
2967,1
2969,1
2972,1
2975,1
2976,0
2977,1
2983,0
2985,0
2992,1
2993,1
2995,1
2996,1
2998,0
3002,0
3003,1
3005,1
3007,1
3011,0
3022,1
3023,0
3026,0
3028,0
3030,0
3031,0
3032,1
3033,1
3034,1
3035,1
3039,1
3046,1
3047,1
3051,1
3052,1
3054,1
3072,0
3073,0
3077,0
3083,1
3084,1
3087,0
3096,0
3097,1
3098,0
3100,0
3101,0
3102,0
3103,0
3105,0
3106,0
3110,0
3111,1
3112,0
3119,1
3122,1
3123,1
3125,1
3129,0
3131,1
3137,1
3140,1
3144,0
3145,1
3149,1
3151,0
3153,1
3155,0
3160,1
3162,0
3163,1
3164,1
3167,1
3168,0
3181,1
3185,1
3186,1
3187,1
3189,1
3190,0
3193,1
3194,0
3195,0
3196,0
3197,0
3198,0
3199,0
3208,0
3219,1
3222,0
3223,0
3224,1
3225,0
3226,1
3227,0
3228,1
3230,1
3241,0
3246,1
3247,1
3249,0
3251,1
3252,1
3254,1
3258,1
3262,0
3263,0
3268,1
3269,0
3271,0
3272,1
3278,0
3280,0
3281,0
3284,0
3285,0
3286,0
3292,0
3302,1
3304,1
3310,1
3311,0
3312,0
3313,0
3314,0
3315,1
3316,0
3318,0
3319,0
3321,0
3324,1
3325,0
3326,0
3329,0
3330,0
3333,1
3334,1
3339,1
3347,1
3348,0
3349,0
3350,0
3353,0
3354,1
3357,0
3358,0
3359,0
3360,1
3361,1
3368,1
3370,1
3372,0
3373,1
3374,0
3375,1
3377,1
3380,1
3381,1
3394,1
3397,1
3398,1
3399,1
3402,1
3406,1
3408,1
3412,1
3413,1
3414,1
3415,1
3422,1
3424,1
3432,1
3437,1
3440,1
3456,1
3467,1
3468,0
3471,1
3477,1
3478,1
3490,1
3491,1
3494,0
3495,0
3496,1
3497,1
3499,0
3504,0
3505,1
3508,1
3523,1
3524,1
3525,1
3532,0
3537,0
3538,0
3539,1
3540,1
3542,1
3543,1
3545,1
3546,1
3556,1
3561,1
3562,1
3564,1
3566,1
3567,1
3568,1
3572,1
3574,1
3576,1
3577,1
3579,1
3581,1
3582,1
3584,1
3585,1
3586,1
3588,1
3589,1
3590,1
3591,1
3597,1
3598,1
3601,1
3602,1
3606,1
3607,1
3608,1
3612,1
3615,1
3616,1
3617,1
3618,1
3620,1
3621,1
3622,1
3623,0
3631,1
3634,1
3637,1
3638,1
3639,1
3640,1
3645,1
3647,1
3648,1
3664,1
3665,1
3672,1
3673,1
3674,1
3675,1
3676,1
3686,1
3688,1
3689,1
3693,0
3697,1
3716,1
3734,1
3735,1
3742,0
3745,1
3751,0
3754,1
3755,1
3756,1
3766,0
3768,1
3770,0
3783,0
3784,0
3786,0
3787,0
3788,0
3792,0
3793,0
3794,0
3795,0
3796,0
3797,0
3798,0
3799,0
3801,0
3802,1
3804,0
3807,0
3808,0
3809,0
3810,0
3811,0
3813,0
3815,0
3816,0
3817,0
3826,0
3827,0
3828,0
3829,0
3832,1
3844,0
3845,0
3851,1
3852,1
3853,1
3854,1
3855,1
3858,1
3859,1
3860,1
3861,1
3864,1
3865,1
3867,1
3868,1
3872,1
3897,1
3920,0
3921,0
3922,0
3923,0
3924,0
3927,1
3929,0
3933,1
3934,0
3935,0
3940,1
3941,1
3950,1
3952,1
3959,1
3973,1
3982,1
3983,1
3984,1
3994,1
3996,1
3999,1
4004,1
4005,1
4008,1
4011,1
4019,1
4022,1
4025,1
4027,1
4030,1
4032,1
4034,1
4035,1
4040,1
4057,1
4058,1
4059,1
4060,0
4062,1
4066,0
4069,0
4071,1
4073,0
4074,1
4082,1
4083,1
4087,1
4088,1
4091,1
4093,1
4094,1
4097,1
4098,1
4099,1
4102,1
4109,1
4110,1
4111,1
4112,1
4113,1
4116,1
4118,1
4119,1
4122,1
4123,1
4125,1
4126,1
4160,1
4173,0
4174,0
4181,1
4182,1
4191,1
4197,1
4201,1
4220,1
4222,1
4232,0
4233,0
4236,0
4240,1
4246,1
4248,1
4249,1
4253,0
4264,0
4266,1
4270,0
4271,1
4273,1
4274,0
4275,1
4276,0
4284,0
4289,1
4309,1
4315,1
4318,1
4325,1
4327,1
4330,1
4334,0
4338,1
4340,0
4342,1
4344,0
4346,0
4347,0
4350,1
4352,1
4357,1
4358,1
4359,1
4360,1
4361,1
4364,1
4365,1
4366,1
4378,1
4381,0
4382,0
4385,1
4391,1
4401,1
4402,0
4413,0
4419,1
4420,1
4422,0
4425,1
4426,1
4449,1
4455,1
4456,1
4458,1
4469,0
4470,1
4472,0
4473,0
4475,0
4480,0
4482,0
4486,1
4495,1
4498,1
4501,1
4504,1
4513,1
4521,1
4524,1
4527,0
4529,0
4530,1
4533,0
4534,1
4537,1
4538,1
4544,0
4549,1
4551,1
4558,1
4566,0
4573,1
4575,1
4577,0
4580,0
4586,1
4588,1
4590,1
4591,0
4592,1
4596,1
4601,1
4608,1
4613,0
4614,1
4623,1
4631,1
4640,1
4646,1
4648,1
4656,1
4699,1
4705,1
4706,1
4708,1
4710,1
4711,1
4717,1
4721,0
4723,1
4738,1
4739,1
4740,1
4744,1
4745,1
4752,1
4755,1
4759,1
4763,1
4764,1
4769,1
4770,1
4772,1
4773,1
4775,1
4780,1
4784,1
4788,1
4790,1
4793,1
4794,1
4797,1
4798,1
4799,1
4800,1
4801,1
4806,1
4810,1
4814,1
4816,1
4817,1
4818,1
4822,1
4824,1
4825,1
4826,1
4827,1
4831,1
4835,1
4845,0
4855,1
4861,1
4871,1
4877,1
4880,1
4881,1
4882,1
4888,1
4891,1
4899,1
4902,1
4903,1
4904,1
4911,0
4915,1
4917,1
4938,1
4939,1
4946,1
4947,1
4951,1
4957,1
4958,1
4961,1
4962,1
4964,1
4965,1
4966,1
4970,1
4975,1
4982,1
4984,1
4987,1
4992,1
4997,1
4998,1
5004,1
5005,1
5009,1
5013,1
5015,1
5016,1
5018,1
5021,1
5023,1
5037,1
5042,1
5044,1
5045,0
5047,1
5048,1
5052,1
5055,1
5056,1
5057,1
5059,1
5068,1
5074,0
5075,0
5076,0
5077,0
5078,0
5079,0
5080,0
5081,0
5084,0
5085,0
5086,0
5094,1
5097,0
5098,0
5099,0
5101,0
5102,0
5104,1
5105,0
5113,1
5114,0
5115,0
5119,0
5122,0
5123,0
5125,1
5131,1
5133,1
5135,1
5136,1
5137,1
5152,1
5159,1
5164,0
5165,0
5166,0
5167,0
5168,0
5175,0
5176,0
5179,0
5183,1
5188,0
5190,0
5193,0
5199,1
5205,1
5206,0
5207,0
5209,1
5212,0
5217,1
5219,0
5220,0
5222,1
5227,0
5233,1
5234,1
5238,0
5239,1
5242,0
5245,0
5246,0
5249,1
5255,1
5258,1
5265,1
5266,1
5267,1
5269,1
5270,1
5275,1
5277,1
5282,1
5284,1
5289,0
5294,1
5297,0
5298,0
5301,0
5307,1
5335,1
5336,1
5349,0
5350,0
5355,0
5356,0
5359,1
5366,0
5369,0
5373,1
5375,1
5378,1
5380,1
5384,1
5387,1
5389,1
5390,0
5391,1
5393,1
5395,0
5396,0
5398,0
5400,1
5402,0
5403,0
5404,0
5405,0
5406,0
5407,0
5408,0
5409,0
5410,0
5411,0
5412,0
5424,0
5427,0
5429,0
5438,1
5442,1
5446,1
5450,1
5452,1
5453,1
5461,1
5465,0
5466,0
5467,0
5469,0
5470,1
5473,1
5474,1
5477,1
5478,1
5482,1
5483,1
5484,1
5487,1
5488,1
5489,1
5492,1
5493,1
5495,1
5499,1
5500,1
5505,1
5509,1
5512,1
5515,1
5517,1
5519,1
5526,1
5546,0
5556,1
5559,1
5564,1
5570,0
5578,1
5581,0
5582,1
5586,0
5588,1
5594,1
5607,1
5609,0
5624,0
5634,1
5636,1
5637,1
5640,0
5641,0
5644,0
5648,1
5649,1
5653,0
5659,1
5660,1
5662,0
5663,0
5664,0
5666,0
5668,0
5669,0
5670,0
5671,0
5674,0
5677,1
5680,1
5681,0
5683,1
5684,0
5688,0
5689,0
5690,0
5692,0
5696,0
5699,0
5701,0
5703,0
5704,1
5707,1
5710,1
5712,0
5713,0
5714,0
5716,0
5728,0
5734,0
5738,1
5746,0
5751,0
5753,0
5759,0
5760,0
5764,0
5768,0
5769,0
5771,0
5776,0
5777,0
5778,1
5779,1
5780,0
5781,0
5782,0
5783,0
5786,1
5790,0
5792,0
5793,0
5803,1
5811,0
5814,0
5815,0
5817,0
5819,0
5820,0
5821,0
5832,0
5833,0
5835,1
5840,0
5841,0
5849,1
5858,1
5859,0
5862,0
5868,0
5869,0
5876,1
5878,0
5881,0
5882,0
5883,0
5884,0
5893,0
5894,0
5896,1
5898,1
5901,0
5904,1
5912,0
5913,0
5914,0
5920,1
5921,1
5936,1
5942,0
5967,0
5970,0
5974,1
5984,1
5989,1
5993,1
5994,1
5997,1
6002,1
6010,1
6016,1
6017,1
6018,1
6019,1
6020,1
6022,1
6023,1
6038,1
6039,0
6042,0
6043,0
6046,0
6047,1
6048,0
6049,1
6050,1
6051,0
6053,1
6055,0
6057,1
6058,1
6059,1
6061,1
6064,1
6069,1
6073,0
6074,0
6076,0
6081,0
6084,1
6095,0
6100,0
6111,1
6112,0
6113,0
6121,1
6122,1
6124,0
6125,0
6128,1
6129,1
6132,0
6133,1
6134,0
6135,0
6140,0
6141,0
6143,1
6146,1
6147,1
6151,1
6152,1
6156,1
6157,1
6160,1
6161,1
6164,0
6166,0
6170,1
6172,1
6192,1
6194,1
6196,1
6200,1
6203,0
6208,0
6209,0
6210,0
6212,1
6213,1
6214,1
6220,1
6223,1
6225,1
6227,1
6231,1
6232,1
6238,1
6239,1
6240,1
6241,0
6243,1
6244,1
6246,0
6250,0
6253,1
6255,1
6257,1
6271,1
6272,1
6274,1
6277,1
6278,1
6279,1
6280,0
6281,1
6289,1
6291,0
6310,0
6318,1
6321,1
6324,1
6331,1
6333,1
6336,0
6341,1
6359,1
6365,1
6369,1
6372,1
6377,1
6380,1
6381,1
6385,1
6386,1
6387,1
6389,1
6393,1
6398,1
6402,1
6404,1
6406,1
6409,1
6414,1
6417,1
6421,1
6426,1
6433,1
6434,1
6439,1
6441,1
6442,1
6445,1
6446,1
6447,0
6448,1
6449,1
6450,1
6451,1
6454,1
6456,0
6457,0
6458,1
6459,1
6461,1
6462,1
6464,1
6465,0
6466,1
6467,1
6468,1
6471,0
6478,1
6482,1
6483,1
6484,1
6485,1
6489,1
6490,1
6494,1
6495,1
6503,1
6504,1
6525,1
6551,0
6553,1
6557,0
6558,0
6563,0
6571,0
6575,0
6578,1
6579,1
6582,1
6583,1
6585,1
6588,1
6591,1
6595,1
6598,0
6605,1
6609,1
6610,1
6611,1
6614,0
6630,1
6636,1
6637,1
6639,1
6640,1
6643,1
6644,1
6649,1
6650,1
6651,1
6652,1
6659,1
6662,1
6663,1
6664,0
6666,0
6667,1
6670,1
6673,1
6675,1
6676,1
6683,1
6689,0
6691,1
6695,1
6705,1
6708,1
6711,0
6712,0
6715,1
6716,1
6717,0
6720,0
6722,0
6723,0
6724,0
6747,1
6750,1
6753,1
6755,0
6759,0
6764,1
6775,0
6778,1
6781,0
6789,0
6791,0
6794,1
6802,1
6809,0
6810,0
6812,0
6813,0
6819,0
6828,1
6830,0
6833,0
6840,0
6859,0
6861,0
6863,0
6867,1
6872,0
6873,0
6874,0
6875,0
6886,1
6888,1
6889,1
6909,0
6912,1
6922,0
6932,0
6933,0
6938,0
6942,1
6957,1
6966,1
6971,0
6973,0
6974,1
6981,1
6982,0
6984,1
6985,1
6986,1
6991,1
6998,1
7002,0
7004,0
7013,1
7021,0
7022,1
7024,1
7025,1
7030,0
7034,0
7038,1
7039,1
7041,1
7043,0
7044,0
7045,1
7048,0
7055,1
7056,1
7057,1
7070,0
7072,0
7073,0
7074,0
7075,0
7079,0
7081,0
7083,1
7087,1
7092,0
7094,1
7095,1
7114,1
7116,0
7118,1
7119,0
7120,1
7121,1
7123,0
7126,1
7127,1
7128,1
7132,0
7133,1
7141,1
7142,1
7149,1
7152,1
7158,1
7170,1
7194,1
7206,1
7210,1
7213,1
7227,0
7236,1
7239,1
7242,1
7249,0
7250,0
7255,0
7256,1
7259,1
7268,1
7270,1
7271,0
7273,0
7288,1
7290,0
7292,1
7306,1
7307,1
7314,0
7316,1
7318,1
7332,1
7344,0
7353,1
7356,0
7361,0
7371,1
7380,0
7381,0
7400,0
7402,0
7405,0
7406,1
7415,1
7422,0
7428,0
7430,1
7432,1
7433,0
7434,1
7436,0
7438,0
7440,1
7441,1
7442,0
7445,1
7446,1
7447,1
7450,1
7451,1
7452,0
7456,1
7459,1
7460,0
7462,1
7463,0
7468,0
7473,1
7479,0
7486,0
7495,1
7496,0
7497,1
7498,0
7499,1
7500,1
7503,1
7505,1
7515,0
7519,0
7522,1
7526,1
7528,1
7531,0
7534,1
7535,1
7541,0
7542,0
7544,0
7546,0
7547,1
7548,1
7549,0
7552,1
7556,1
7557,1
7558,1
7562,0
7563,0
7565,0
7569,0
7572,0
7584,0
7585,1
7588,1
7591,1
7593,1
7595,1
7599,1
7606,1
7611,1
7613,1
7622,1
7623,1
7630,0
7636,0
7643,1
7645,1
7647,1
7648,1
7649,1
7651,1
7653,1
7657,1
7660,1
7661,1
7663,1
7664,1
7666,0
7667,1
7668,1
7669,1
7674,1
7677,1
7678,1
7681,1
7687,0
7690,1
7692,1
7702,1
7704,1
7705,1
7708,1
7711,1
7724,1
7727,1
7732,1
7742,1
7745,1
7747,1
7755,0
7759,1
7760,1
7772,0
7784,1
7793,1
7801,1
7805,1
7807,1
7814,1
7816,1
7818,1
7820,1
7826,1
7836,1
7839,1
7840,1
7847,1
7848,1
7849,1
7850,1
7856,1
7860,1
7862,1
7863,1
7876,1
7879,1
7882,1
7887,1
7889,1
7898,1
7901,1
7908,1
7912,1
7944,1
7950,1
7951,1
7955,1
7956,1
7958,1
7960,1
7963,1
7969,1
7982,0
7987,1
7989,0
7992,1
7993,0
7994,1
8005,1
8006,1
8012,0
8014,1
8020,0
8022,1
8023,1
8033,1
8034,1
8036,1
8040,0
8046,1
8057,1
8058,1
8059,1
8060,1
8064,1
8065,1
8068,1
8071,0
8073,1
8081,1
8094,1
8098,1
8108,1
8109,1
8114,1
8120,1
8122,1
8125,1
8130,0
8131,1
8134,0
8136,1
8139,1
8145,1
8154,1
8160,1
8165,1
8178,1
8179,1
8185,1
8189,1
8190,1
8191,1
8196,1
8205,1
8206,1
8207,1
8209,1
8211,1
8216,1
8219,0
8220,1
8222,1
8223,1
8224,1
8225,1
8227,1
8239,1
8240,1
8242,1
8243,1
8245,1
8248,1
8252,1
8257,1
8261,1
8265,1
8269,1
8271,1
8276,1
8280,1
8293,1
8295,1
8303,1
8313,1
8314,1
8333,0
8340,1
8342,1
8344,1
8350,1
8360,0
8369,1
8373,1
8376,1
8377,1
8378,1
8381,1
8383,1
8387,1
8389,1
8391,1
8392,0
8396,1
8397,1
8403,1
8404,1
8407,1
8411,1
8413,1
8427,1
8448,1
8450,1
8455,1
8461,1
8465,1
8469,1
8473,1
8481,1
8483,1
8498,1
8504,0
8508,1
8509,1
8513,0
8515,0
8517,1
8519,1
8520,1
8523,1
8524,1
8526,0
8529,1
8537,0
8538,1
8540,0
8556,0
8559,0
8565,1
8568,0
8570,0
8573,0
8574,1
8580,0
8583,1
8590,0
8591,0
8597,1
8598,0
8605,1
8606,1
8610,0
8614,0
8616,0
8620,0
8626,1
8627,0
8633,1
8636,0
8637,0
8639,0
8640,0
8642,1
8646,1
8651,1
8665,1
8672,1
8678,1
8690,1
8693,1
8696,1
8703,1
8705,1
8712,1
8717,0
8725,0
8727,1
8728,0
8729,0
8732,1
8742,1
8744,1
8746,1
8747,1
8750,1
8761,1
8764,1
8771,0
8778,1
8782,1
8783,1
8784,1
8785,0
8786,0
8787,0
8789,0
8791,0
8792,0
8799,0
8800,0
8801,0
8802,0
8804,0
8805,0
8806,1
8817,0
8818,1
8820,0
8821,0
8822,0
8823,0
8824,0
8827,0
8829,0
8830,0
8835,0
8836,1
8838,1
8848,1
8854,1
8858,1
8868,0
8869,0
8884,0
8885,0
8886,0
8887,0
8890,1
8891,0
8892,0
8893,0
8894,0
8895,0
8909,0
8910,1
8912,0
8913,0
8914,0
8915,1
8916,1
8919,0
8920,0
8921,0
8923,1
8947,0
8948,0
8949,0
8950,1
8952,0
8953,0
8954,1
8955,1
8956,1
8959,0
8960,0
8962,1
8963,1
8981,1
8983,0
8986,0
8992,0
8993,0
8994,0
8995,0
8998,0
9000,0
9001,0
9002,0
9005,0
9007,0
9012,0
9013,0
9015,1
9016,0
9021,1
9022,0
9024,0
9025,0
9029,0
9030,0
9033,0
9035,1
9045,1
9047,1
9048,1
9049,1
9050,1
9052,1
9054,1
9057,1
9059,1
9060,1
9076,1
9079,1
9085,1
9102,1
9105,1
9108,1
9112,1
9114,1
9120,1
9125,1
9126,1
9127,1
9130,1
9134,1
9136,1
9138,1
9141,1
9143,1
9146,1
9151,1
9155,1
9157,1
9158,1
9163,1
9170,1
9178,1
9183,1
9184,1
9186,1
9191,1
9192,1
9197,1
9198,0
9202,1
9206,1
9210,1
9211,1
9213,1
9216,1
9220,1
9221,1
9222,1
9226,1
9230,1
9232,1
9237,1
9239,1
9242,1
9243,0
9244,1
9247,1
9248,1
9250,1
9252,1
9253,1
9254,1
9256,1
9260,1
9262,1
9266,1
9268,1
9269,1
9271,1
9276,1
9278,1
9293,1
9295,1
9298,1
9301,0
9302,0
9303,1
9304,1
9306,1
9307,1
9311,1
9320,1
9321,1
9323,1
9325,1
9327,1
9328,1
9332,0
9334,0
9336,1
9347,1
9348,0
9349,1
9351,1
9352,1
9354,1
9356,1
9357,1
9358,0
9360,0
9361,0
9362,0
9366,0
9369,1
9370,1
9383,1
9385,1
9386,1
9389,1
9390,1
9391,1
9392,1
9393,1
9394,1
9395,0
9398,1
9403,1
9408,1
9412,0
9413,0
9415,0
9420,0
9421,0
9422,0
9424,1
9425,1
9438,0
9439,0
9443,1
9459,1
9460,1
9483,1
9484,1
9490,1
9519,1
9520,1
9522,1
9523,1
9524,1
9525,1
9526,1
9527,1
9528,1
9529,1
9531,1
9532,1
9533,1
9534,1
9535,1
9536,1
9552,1
9553,1
9554,1
9555,1
9556,1
9557,1
9558,1
9577,1
9578,1
9579,1
9583,1
9584,1
9586,0
9587,0
9589,1
9594,0
9595,0
9607,1
9617,1
9619,1
9626,1
9628,1
9629,1
9645,1
9650,1
9659,1
9660,1
9661,1
9663,1
9664,1
9665,0
9666,1
9672,0
9673,0
9674,0
9676,1
9681,0
9794,1
9798,0
9801,0
9804,1
9809,0
9834,1
9836,1
9859,1
9860,1
9877,0
9885,1
9886,1
9891,1
9892,1
9894,0
9898,0
9900,1
9903,1
9904,1
9905,1
9906,1
9909,1
9910,1
9911,1
9912,1
9914,1
9915,1
9916,1
9918,1
9919,1
9921,1
9923,1
9924,1
9928,1
9929,1
9931,1
9936,0
9937,1
9940,1
9958,0
9975,1
9977,1
9981,1
9984,1
9986,0
9987,1
9988,1
9989,1
9991,1
9992,0
9994,1
9996,0
10001,1
10003,0
10008,1
10012,1
10014,1
10017,1
10019,1
10020,0
10026,1
10027,1
10030,1
10032,1
10034,0
10037,1
10038,1
10039,1
10042,1
10043,1
10044,0
10045,1
10047,1
10048,0
10049,0
10051,1
10053,1
10055,1
10056,1
10058,0
10059,0
10060,1
10061,1
10067,0
10068,1
10069,0
10072,1
10075,1
10076,1
10077,1
10078,1
10081,1
10083,1
10084,1
10086,1
10087,0
10088,1
10089,1
10090,1
10091,0
10092,0
10093,0
10094,1
10095,1
10096,1
10098,0
10099,0
10100,0
10101,0
10103,0
10104,1
10108,1
10114,0
10116,1
10117,1
10118,1
10120,0
10122,1
10123,1
10125,1
10127,1
10129,1
10130,1
10131,1
10133,1
10136,0
10137,1
10140,1
10141,1
10142,1
10143,1
10145,1
10150,1
10154,0
10158,1
10159,1
10164,0
10166,1
10167,1
10168,1
10169,1
10170,0
10172,1
10174,1
10176,1
10179,1
10180,1
10181,1
10183,1
10184,1
10185,1
10186,1
10188,0
10190,1
10191,1
10192,1
10194,1
10195,1
10197,1
10206,1
10210,1
10211,1
10217,0
10218,0
10221,1
10224,1
10225,1
10226,1
10227,1
10228,1
10229,1
10230,1
10236,1
10238,1
10243,1
10246,1
10273,1
10274,1
10288,1
10289,1
10295,1
10296,1
10301,1
10303,1
10333,1
10443,1
10459,1
10460,1
10461,1
10468,1
10469,1
10470,1
10471,1
10473,1
10476,1
10480,1
10483,1
10487,1
10492,1
10495,1
10496,1
10498,1
10502,1
10507,1
10508,1
10509,1
10512,1
10513,1
10514,1
10515,1
10517,1
10520,1
10521,1
10523,1
10524,1
10527,1
10532,0
10536,1
10543,1
10546,1
10553,1
10554,1
10555,1
10558,1
10561,1
10564,1
10567,1
10568,1
10573,1
10574,1
10584,1
10587,1
10588,1
10589,1
10595,1
10596,1
10597,1
10598,1
10601,1
10603,1
10606,1
10607,1
10608,1
10609,1
10610,1
10612,1
10613,1
10615,1
10616,1
10617,1
10621,1
10623,1
10627,1
10632,1
10640,1
10651,1
10652,1
10653,1
10655,1
10661,1
10662,1
10663,1
10664,1
10666,1
10668,1
10669,1
10670,1
10673,1
10674,1
10675,1
10678,1
10679,1
10681,1
10682,1
10683,1
10685,1
10686,1
10687,1
10689,1
10691,1
10692,1
10693,1
10694,1
10696,1
10697,1
10698,1
10701,1
10702,1
10703,1
10705,1
10707,1
10708,1
10714,1
10719,1
10721,1
10724,1
10744,1
10748,1
10758,1
10761,1
10762,1
10763,1
10765,1
10767,1
10769,1
10770,1
10779,1
10781,1
10782,1
10783,1
10784,1
10787,1
10791,1
10793,1
10794,1
10795,1
10797,1
10799,1
10800,1
10801,1
10803,1
10804,1
10805,1
10806,1
10807,1
10808,1
10810,1
10814,1
10815,1
10816,1
10819,1
10820,1
10822,1
10826,1
10827,1
10828,1
10832,1
10840,1
10841,1
10842,1
10843,1
10849,1
10855,1
10859,1
10862,1
10866,1
10867,1
10868,1
10901,1
10902,1
10906,1
10907,1
10908,1
10909,1
10912,1
10913,1
10915,1
10918,1
10921,1
10925,1
10926,0
10929,1
10937,0
10938,1
10941,1
10943,1
10945,1
10950,1
10955,0
10959,1
10961,1
10963,1
10964,1
10965,1
10966,1
10968,1
10978,1
10982,1
10983,1
10984,1
10985,1
10986,1
10992,1
10999,1
11001,1
11003,1
11004,1
11012,1
11024,1
11026,1
11027,1
11030,1
11032,1
11033,1
11056,1
11057,1
11059,1
11060,1
11062,1
11063,1
11064,1
11067,1
11068,1
11070,1
11072,1
11075,1
11077,1
11079,1
11080,1
11081,1
11084,1
11093,1
11099,1
11103,1
11105,1
11109,1
11113,1
11114,1
11118,1
11120,1
11126,1
11127,1
11133,1
11134,1
11146,1
11150,1
11155,1
11158,1
11159,1
11165,1
11166,1
11167,1
11168,1
11170,1
11172,1
11175,1
11176,1
11177,1
11183,1
11186,1
11189,1
11190,1
11191,0
11195,1
11202,1
11205,1
11212,1
11213,1
11214,0
11218,1
11221,1
11225,1
11228,1
11231,1
11233,1
11235,1
11239,1
11245,1
11246,1
11248,1
11254,1
11257,1
11260,1
11277,1
11291,1
11308,0
11311,1
11312,1
11314,1
11315,1
11318,0
11328,1
11332,1
11334,0
11342,1
11351,1
11355,1
11358,1
11363,1
11368,1
11377,1
11382,1
11387,1
11402,1
11403,1
11405,1
11406,0
11407,1
11408,1
11409,1
11413,1
11423,1
11426,0
11437,1
11439,1
11440,1
11441,1
11452,1
11453,1
11458,1
11465,1
11466,1
11467,1
11470,1
11471,1
11473,1
11476,1
11483,1
11484,1
11485,1
11492,1
11496,1
11497,1
11499,1
11504,1
11507,0
11508,1
11511,1
11512,1
11513,1
11515,1
11516,1
11517,1
11518,1
11520,1
11524,1
11525,1
11527,1
11528,1
11529,1
11532,1
11547,1
11548,1
11549,1
11554,1
11555,0
11567,1
11576,1
11579,1
11582,1
11584,1
11585,1
11586,1
11587,1
11590,1
11593,1
11596,1
11599,1
11603,1
11605,1
11606,1
11607,1
11609,1
11610,1
11613,1
11620,1
11635,1
11636,1
11637,1
11642,1
11643,1
11644,1
11645,1
11646,1
11647,1
11652,1
11654,1
11655,1
11656,1
11657,1
11658,1
11663,1
11675,1
11676,1
11677,1
11678,0
11680,1
11682,1
11684,1
11687,1
11691,1
11693,1
11698,1
11712,1
11713,0
11734,1
11765,1
11770,1
11771,1
11773,1
11775,1
11783,0
11784,1
11785,0
11787,0
11788,0
11789,0
11790,1
11792,1
11794,1
11795,1
11796,1
11798,1
11800,1
11802,0
11803,0
11804,1
11806,0
11807,0
11808,0
11809,0
11812,0
11815,1
11817,1
11821,1
11823,1
11830,1
11838,0
11842,1
11847,1
11848,1
11851,0
11862,0
11864,1
11866,1
11867,1
11873,0
11874,0
11877,0
11878,0
11879,0
11880,1
11882,1
11884,1
11891,1
11892,1
11894,1
11896,1
11897,1
11898,1
11900,0
11901,1
11903,1
11904,0
11905,1
11907,1
11912,1
11914,0
11915,1
11917,1
11919,1
11920,1
11921,1
11930,1
11934,1
11949,1
11950,1
11952,1
11953,1
11955,1
11956,1
11960,0
11961,0
11962,0
11963,1
11964,1
11966,1
11968,1
11971,1
11976,1
11977,1
11978,1
11983,1
11984,1
11988,1
11989,0
11997,1
12004,1
12006,1
12008,1
12017,1
12018,0
12019,1
12029,1
12032,1
12034,1
12035,1
12040,1
12041,1
12048,1
12050,1
12053,1
12054,1
12055,1
12056,1
12057,1
12060,1
12063,0
12066,0
12067,1
12069,1
12074,1
12075,1
12076,1
12077,1
12078,1
12080,1
12081,1
12083,1
12085,1
12087,1
12088,1
12089,1
12094,1
12096,0
12097,1
12098,1
12102,0
12103,0
12104,0
12105,0
12106,0
12107,0
12108,0
12112,1
12113,1
12114,0
12121,1
12126,0
12127,0
12128,0
12129,0
12131,0
12133,0
12134,0
12138,1
12139,0
12140,1
12141,1
12143,1
12144,1
12167,1
12175,1
12180,1
12182,1
12186,0
12187,1
12191,0
12192,1
12193,1
12200,1
12201,1
12211,0
12212,1
12213,1
12221,1
12226,1
12247,1
12257,1
12259,1
12262,1
12264,1
12265,1
12269,1
12276,1
12277,1
12281,1
12283,1
12284,1
12287,1
12290,1
12291,1
12293,1
12296,0
12298,1
12300,1
12303,0
12304,1
12306,1
12319,1
12320,1
12329,1
12331,0
12334,1
12340,1
12343,1
12344,1
12345,1
12346,1
12350,1
12352,1
12353,1
12354,1
12358,1
12360,1
12365,1
12366,1
12369,0
12380,1
12381,1
12382,1
12383,1
12384,0
12385,1
12388,0
12389,0
12390,1
12392,1
12394,1
12395,1
12397,1
12399,1
12401,1
12402,1
12404,1
12405,1
12410,1
12411,0
12414,0
12417,0
12419,1
12461,1
12469,1
12475,0
12480,1
12482,1
12495,1
12499,1
12505,1
12506,1
12507,1
12508,1
12509,1
12510,1
12511,1
12516,1
12517,1
12536,0
12545,1
12554,0
12555,0
12558,1
12560,0
12562,1
12563,0
12567,1
12570,1
12571,0
12573,1
12574,0
12575,1
12577,0
12581,0
12582,1
12583,1
12587,1
12589,1
12590,1
12594,1
12596,1
12597,1
12601,0
12605,0
12607,1
12609,1
12624,0
12636,1
12643,1
12644,1
12645,1
12646,1
12648,1
12651,1
12654,1
12655,0
12656,1
12657,1
12662,0
12667,1
12669,1
12672,1
12673,1
12682,1
12686,1
12687,1
12688,1
12689,1
12690,1
12691,1
12692,1
12702,1
12709,1
12711,1
12714,1
12715,0
12716,1
12719,0
12720,1
12721,1
12724,1
12725,1
12731,1
12732,1
12735,1
12742,1
12743,0
12745,1
12748,1
12750,1
12751,1
12752,1
12754,1
12758,1
12760,1
12761,1
12763,1
12764,1
12766,1
12767,1
12769,1
12770,1
12773,1
12775,1
12778,1
12781,1
12788,1
12790,1
12791,1
12792,0
12793,0
12797,1
12798,1
12799,1
12801,1
12803,1
12805,1
12806,0
12809,0
12810,0
12811,0
12817,1
12818,1
12819,1
12822,0
12823,1
12826,1
12831,1
12832,1
12833,1
12834,1
12836,1
12837,1
12839,1
12840,1
12841,1
12842,1
12844,1
12845,1
12846,1
12848,1
12852,1
12855,1
12858,1
12860,0
12861,1
12862,1
12863,1
12864,1
12866,1
12867,1
12868,1
12869,1
12871,1
12873,1
12875,1
12878,1
12881,1
12882,1
12885,0
12886,0
12887,1
12888,1
12892,0
12893,0
12894,1
12900,1
12902,0
12903,1
12904,1
12906,0
12907,1
12908,1
12911,1
12913,1
12922,1
12926,1
12928,1
12929,0
12930,0
12946,1
12949,1
12953,0
12960,0
12968,0
12970,0
12971,1
12977,1
12980,1
12985,0
12989,0
12993,1
12995,0
12996,0
12997,1
12999,1
13000,0
13001,0
13004,0
13005,1
13009,0
13010,0
13015,0
13019,0
13020,0
13021,0
13025,0
13029,0
13030,1
13032,0
13033,1
13035,0
13036,1
13040,1
13045,1
13046,1
13051,1
13055,1
13056,1
13058,1
13060,1
13061,0
13069,0
13072,0
13075,1
13079,0
13082,0
13083,0
13091,0
13092,0
13102,1
13103,1
13104,0
13119,1
13122,1
13124,1
13127,1
13129,1
13130,1
13133,1
13134,1
13135,1
13138,0
13142,1
13146,0
13147,0
13153,0
13162,0
13163,0
13169,1
13170,0
13171,1
13180,1
13184,1
13188,1
13198,1
13203,1
13205,0
13207,0
13209,0
13210,0
13212,0
13215,0
13216,0
13259,1
13260,1
13262,1
13281,0
13288,1
13294,1
13296,1
13299,1
13300,1
13302,1
13304,1
13317,0
13319,1
13321,1
13322,1
13325,0
13327,0
13330,1
13333,1
13334,1
13337,1
13340,1
13347,1
13356,1
13357,1
13362,1
13377,1
13379,1
13383,1
13384,1
13387,0
13388,0
13392,1
13393,1
13396,1
13398,1
13407,1
13408,1
13409,1
13410,1
13412,1
13413,1
13414,1
13415,1
13416,1
13418,1
13426,0
13427,0
13428,0
13430,1
13431,0
13432,0
13433,1
13434,0
13438,0
13442,1
13443,1
13444,1
13461,0
13463,1
13465,0
13467,0
13475,1
13477,0
13478,1
13479,1
13481,1
13484,1
13485,0
13486,0
13487,0
13488,1
13489,0
13491,1
13492,0
13493,1
13497,1
13499,1
13500,0
13501,0
13502,0
13503,0
13506,0
13507,0
13508,0
13509,0
13511,0
13512,1
13515,0
13516,0
13519,0
13522,1
13525,1
13527,1
13529,1
13530,0
13531,0
13535,0
13536,0
13537,0
13538,0
13540,0
13554,0
13555,0
13556,1
13557,1
13559,1
13562,1
13564,1
13565,1
13569,1
13571,1
13577,1
13579,1
13584,1
13603,1
13604,1
13606,1
13607,1
13608,1
13610,1
13611,1
13614,1
13617,1
13624,1
13625,1
13626,1
13630,1
13633,0
13635,0
13641,1
13645,1
13646,1
13647,1
13662,1
13664,1
13667,1
13672,1
13674,1
13682,1
13683,1
13684,1
13709,0
13710,0
13711,1
13716,1
13717,1
13719,1
13721,1
13723,1
13725,1
13727,1
13728,1
13729,1
13767,1
13770,1
13772,1
13773,0
13776,1
13779,1
13780,1
13781,1
13784,1
13785,1
13787,1
13790,1
13794,1
13797,0
13799,0
13817,0
13821,1
13826,1
13829,1
13837,1
13841,1
13847,1
13848,1
13850,1
13860,1
13865,1
13871,1
13874,1
13888,1
13893,1
13894,1
13897,1
13900,1
13901,1
13902,1
13916,0
13925,1
13929,0
13933,1
13935,1
13936,0
13940,0
13945,1
13948,0
13952,1
13953,1
13957,1
13960,1
13965,1
13975,1
13977,1
13983,1
13991,1
13999,0
14002,0
14017,1
14022,1
14023,1
14024,1
14028,1
14034,1
14038,1
14044,1
14056,0
14058,1
14062,1
14065,0
14066,1
14079,1
14090,0
14094,1
14095,0
14097,0
14099,1
14107,1
14110,1
14111,1
14113,1
14114,1
14115,0
14116,1
14117,0
14122,0
14124,1
14125,0
14128,1
14130,1
14135,1
14139,0
14140,0
14144,1
14147,0
14152,1
14153,1
14154,1
14155,0
14156,0
14157,1
14158,1
14160,1
14169,1
14171,0
14183,0
14187,1
14190,1
14191,1
14196,1
14197,1
14200,0
14206,0
14209,0
14214,1
14215,0
14216,1
14218,0
14221,1
14224,1
14228,1
14234,1
14236,0
14252,0
14253,1
14286,1
14303,1
14304,1
14309,1
14310,0
14315,1
14326,0
14330,1
14332,0
14352,0
14354,1
14374,1
14376,1
14386,0
14387,0
14391,0
14394,0
14396,0
14405,0
14407,0
14408,1
14409,1
14414,0
14417,0
14422,0
14425,1
14436,1
14438,1
14440,1
14441,1
14445,1
14446,1
14450,1
14455,1
14457,1
14463,0
14466,0
14468,0
14469,0
14471,1
14473,1
14474,1
14477,1
14482,1
14483,1
14484,1
14485,1
14489,1
14494,1
14496,0
14501,1
14502,1
14506,1
14507,1
14515,0
14516,1
14529,1
14532,1
14534,1
14540,0
14543,1
14544,0
14546,0
14548,0
14554,0
14555,1
14559,0
14560,1
14561,0
14563,1
14566,0
14567,0
14571,0
14572,1
14576,0
14577,1
14582,1
14583,0
14585,1
14587,0
14588,0
14590,1
14591,1
14593,0
14597,1
14598,1
14604,0
14605,1
14606,1
14609,1
14610,0
14614,0
14618,0
14619,0
14620,0
14622,1
14624,1
14625,0
14628,1
14629,1
14631,1
14641,1
14644,1
14647,1
14653,1
14654,1
14656,0
14659,1
14661,1
14662,1
14667,1
14668,1
14671,1
14678,1
14684,1
14688,0
14690,0
14692,0
14694,1
14696,0
14697,1
14711,0
14714,1
14717,0
14719,0
14720,0
14722,0
14725,0
14727,0
14729,0
14739,1
14740,1
14742,0
14744,0
14752,0
14753,0
14754,0
14755,0
14758,1
14761,0
14765,0
14773,0
14774,0
14776,0
14777,0
14784,0
14796,1
14800,0
14802,1
14803,0
14808,0
14809,0
14811,1
14816,1
14817,1
14822,0
14824,0
14833,0
14834,1
14836,1
14838,1
14839,1
14846,0
14859,1
14866,0
14869,1
14870,0
14871,0
14872,1
14874,1
14875,1
14882,1
14885,1
14888,1
14891,0
14895,1
14896,1
14897,0
14905,1
14906,1
14913,0
14916,0
14918,0
14920,0
14922,0
14924,0
14927,0
14933,0
14934,1
14935,0
14940,1
14942,0
14943,0
14945,0
14948,0
14953,1
14957,0
14960,0
14963,1
14969,0
14971,0
14986,0
14987,1
14988,1
14991,1
14993,1
14997,1
14999,1
15000,1
15001,1
15002,1
15004,1
15005,1
15008,1
15010,1
15016,1
15017,0
15024,0
15026,1
15030,1
15031,1
15033,0
15034,1
15042,0
15044,1
15046,0
15048,1
15050,0
15058,0
15059,0
15063,0
15066,0
15067,1
15071,1
15073,0
15074,1
15079,1
15086,0
15089,1
15091,1
15092,1
15097,1
15114,0
15126,1
15133,1
15134,1
15136,1
15142,1
15149,1
15150,0
15152,0
15154,1
15155,1
15156,1
15160,1
15163,0
15164,1
15168,1
15171,1
15172,1
15175,0
15178,0
15179,0
15181,1
15186,1
15191,1
15192,1
15194,1
15199,1
15201,0
15203,0
15204,1
15208,1
15213,1
15214,1
15220,1
15225,1
15226,1
15233,0
15245,1
15249,1
15250,1
15258,1
15261,0
15262,1
15267,0
15270,1
15273,1
15277,1
15281,0
15286,0
15291,1
15296,0
15298,1
15303,1
15304,1
15307,1
15308,1
15309,1
15311,1
15312,1
15315,1
15318,1
15321,0
15326,1
15328,1
15330,1
15334,1
15336,0
15338,1
15341,1
15342,1
15343,1
15344,1
15347,1
15348,1
15355,1
15357,0
15363,1
15364,1
15365,1
15375,1
15379,0
15382,0
15383,1
15387,1
15390,1
15393,1
15396,1
15399,0
15404,1
15405,1
15406,0
15408,1
15410,0
15411,0
15420,1
15436,1
15437,1
15442,1
15446,1
15451,1
15454,1
15455,1
15459,1
15462,1
15463,1
15467,1
15468,0
15469,1
15479,0
15490,1
15492,0
15494,0
15495,0
15505,0
15507,0
15515,1
15518,0
15530,1
15534,0
15541,0
15542,0
15544,0
15551,1
15555,0
15557,0
15563,1
15567,1
15576,1
15578,1
15583,1
15585,1
15594,1
15596,1
15602,1
15603,1
15604,1
15606,1
15610,0
15611,0
15612,1
15615,0
15622,1
15623,0
15626,1
15627,1
15639,1
15641,1
15642,1
15643,1
15645,1
15651,1
15656,1
15657,1
15658,1
15659,1
15661,1
15663,1
15665,1
15666,1
15669,1
15670,1
15671,1
15672,1
15678,1
15680,1
15683,1
15687,1
15689,1
15690,1
15691,1
15693,1
15696,1
15697,1
15698,1
15700,1
15701,0
15702,1
15711,1
15715,1
15717,1
15718,1
15720,1
15722,1
15724,1
15725,1
15726,1
15727,1
15728,1
15730,1
15731,1
15734,1
15742,0
15743,1
15754,0
15756,0
15758,0
15775,0
15787,0
15788,1
15789,1
15793,1
15799,1
15812,1
15815,1
15816,1
15817,1
15823,1
15824,1
15825,1
15828,1
15829,1
15830,1
15834,1
15836,1
15837,1
15841,1
15842,1
15851,1
15855,1
15859,1
15861,1
15867,1
15872,1
15879,1
15880,1
15881,1
15882,1
15888,1
15889,1
15890,1
15891,1
15894,1
15896,1
15900,1
15904,1
15907,1
15909,0
15914,1
15924,1
15927,1
15933,1
15935,1
15936,0
15937,1
15941,0
15943,1
15948,0
15954,1
15957,1
15958,1
15966,1
15968,1
15969,1
15971,1
15985,1
15989,1
15990,1
15992,1
15993,0
15996,1
15997,1
15998,1
15999,1
16000,1
16003,1
16004,0
16005,0
16006,0
16007,0
16016,1
16017,1
16019,1
16020,1
16022,0
16027,1
16031,1
16032,1
16034,1
16036,1
16040,1
16041,1
16042,0
16051,1
16058,0
16059,1
16060,0
16064,0
16065,1
16066,1
16069,1
16071,1
16072,1
16076,1
16080,1
16081,0
16082,1
16084,0
16087,1
16096,1
16101,1
16104,1
16106,1
16110,1
16113,1
16116,1
16118,0
16122,1
16131,1
16132,1
16133,1
16136,0
16137,0
16138,1
16139,1
16146,1
16147,0
16148,1
16149,0
16151,1
16156,0
16172,1
16180,0
16182,1
16183,1
16185,1
16186,1
16215,0
16220,0
16223,0
16224,0
16227,0
16228,0
16229,0
16230,0
16233,0
16234,0
16238,0
16241,0
16245,0
16247,0
16250,0
16255,0
16263,0
16264,0
16268,0
16272,0
16273,0
16277,0
16280,0
16281,0
16300,1
16310,1
16312,1
16317,1
16322,1
16324,1
16325,1
16331,1
16334,0
16343,1
16345,1
16365,0
16374,0
16375,1
16377,0
16378,0
16379,1
16381,1
16382,1
16383,0
16385,1
16387,1
16390,1
16407,1
16412,1
16414,1
16421,1
16422,1
16429,1
16431,1
16434,1
16435,1
16436,1
16437,1
16438,1
16439,1
16440,1
16441,1
16443,1
16445,1
16446,1
16447,1
16448,1
16449,1
16450,1
16451,1
16452,1
16453,1
16458,0
16459,0
16460,0
16461,0
16467,1
16469,1
16470,1
16477,0
16478,1
16479,1
16486,0
16487,0
16488,1
16490,1
16499,1
16506,1
16508,1
16514,1
16522,1
16523,1
16525,1
16529,1
16534,1
16535,1
16536,1
16537,1
16553,1
16555,1
16561,1
16564,1
16566,1
16570,1
16574,1
16589,1
16590,1
16596,1
16598,1
16599,1
16602,1
16604,1
16606,1
16615,1
16617,1
16618,1
16619,1
16621,1
16622,1
16624,1
16626,1
16631,1
16633,1
16635,1
16639,1
16642,1
16644,1
16645,1
16647,1
16652,0
16654,1
16656,0
16661,0
16662,0
16671,0
16699,0
16713,1
16718,1
16719,1
16726,1
16730,1
16735,1
16736,1
16739,1
16747,1
16750,0
16751,1
16753,1
16756,1
16789,1
16791,1
16793,1
16807,1
16826,1
16833,0
16835,1
16869,1
16871,1
16880,1
16893,1
16901,1
16904,1
16906,1
16910,1
16914,1
16917,1
16918,1
16919,1
16925,1
16926,1
16935,1
16937,1
16939,1
16940,1
16941,1
16945,0
16947,1
16948,1
16949,1
16950,1
16956,1
16957,1
16964,1
16965,1
16966,1
16971,1
16972,1
16973,1
16982,1
16995,1
16996,1
16997,1
17004,1
17008,1
17011,0
17013,1
17021,1
17023,1
17025,1
17027,1
17028,1
17034,1
17035,1
17043,1
17045,1
17047,1
17050,1
17055,1
17062,1
17068,1
17071,0
17073,1
17075,1
17076,1
17077,1
17079,1
17080,1
17081,1
17083,1
17089,0
17093,1
17094,1
17106,0
17107,0
17116,1
17119,1
17120,1
17130,1
17133,1
17137,0
17145,1
17146,1
17151,1
17156,1
17159,1
17170,1
17176,1
17178,1
17179,1
17180,1
17182,1
17184,1
17187,1
17189,1
17193,1
17197,1
17198,1
17202,1
17207,1
17213,1
17215,1
17219,1
17223,1
17224,1
17230,0
17231,1
17233,1
17240,1
17243,1
17245,0
17246,1
17250,1
17251,0
17254,0
17255,0
17256,1
17257,0
17259,1
17260,0
17261,1
17288,1
17289,0
17294,0
17296,0
17300,1
17319,1
17322,1
17327,1
17329,1
17331,1
17332,1
17333,1
17337,1
17351,1
17352,1
17356,1
17359,1
17360,0
17361,1
17363,0
17365,0
17366,1
17368,1
17370,1
17375,1
17378,1
17390,0
17396,1
17400,1
17404,1
17405,1
17406,1
17409,1
17415,1
17416,1
17417,1
17420,1
17429,1
17430,1
17433,1
17436,1
17441,1
17442,1
17443,1
17444,1
17451,1
17452,1
17453,1
17455,1
17457,1
17459,1
17460,1
17463,1
17468,1
17469,1
17471,1
17472,0
17473,1
17476,1
17477,1
17481,1
17491,1
17492,1
17493,1
17500,0
17501,1
17502,1
17516,1
17527,0
17529,0
17534,1
17536,1
17546,1
17549,0
17551,1
17561,1
17562,0
17571,1
17572,1
17579,1
17588,1
17600,1
17614,1
17627,1
17629,1
17634,1
17639,1
17642,1
17643,1
17647,1
17648,1
17649,1
17650,1
17653,0
17657,1
17659,1
17660,1
17666,0
17669,0
17670,1
17675,1
17677,0
17681,1
17684,1
17688,1
17689,1
17700,1
17701,1
17706,1
17708,1
17709,1
17713,1
17721,0
17724,0
17725,1
17728,0
17734,1
17744,1
17748,0
17750,1
17753,1
17756,1
17763,1
17765,0
17766,1
17769,1
17791,0
17794,1
17799,0
17806,1
17808,1
17810,1
17814,1
17815,1
17816,1
17819,1
17823,1
17827,1
17828,1
17831,0
17832,0
17835,0
17838,1
17840,1
17842,1
17845,1
17847,0
17848,0
17849,1
17850,0
17851,1
17852,0
17853,0
17864,1
17867,0
17869,0
17870,0
17871,0
17872,1
17873,1
17877,0
17883,1
17885,0
17887,0
17888,0
17889,0
17890,0
17892,0
17893,0
17895,0
17896,1
17897,1
17898,1
17904,1
17913,1
17921,1
17923,1
17925,1
17932,1
17938,1
17939,0
17941,0
17944,0
17945,1
17946,1
17947,1
17953,1
17962,1
17964,1
17967,1
17968,1
17972,0
17977,1
17985,1
17986,1
17988,1
17989,1
17992,1
17994,1
17995,1
17997,1
17999,1
18007,1
18009,1
18010,1
18013,1
18020,1
18026,1
18028,1
18039,1
18042,1
18045,1
18046,1
18049,1
18050,1
18052,1
18060,1
18065,1
18071,1
18095,1
18096,0
18098,1
18100,1
18101,1
18102,1
18103,1
18104,1
18105,1
18111,1
18116,1
18117,1
18119,0
18120,1
18121,1
18123,1
18136,1
18146,0
18150,1
18151,1
18156,1
18157,0
18158,1
18159,1
18160,1
18162,1
18164,1
18168,1
18171,1
18172,1
18173,1
18178,1
18181,1
18182,1
18183,1
18189,1
18194,1
18197,1
18203,1
18205,1
18208,1
18210,1
18234,1
18235,0
18236,0
18240,0
18241,0
18244,0
18247,0
18248,0
18251,0
18252,0
18253,0
18255,0
18257,0
18259,0
18263,0
18266,0
18267,0
18270,1
18272,1
18277,1
18286,0
18293,1
18294,1
18298,0
18301,0
18302,0
18303,0
18304,0
18305,0
18306,0
18307,0
18308,0
18309,0
18334,1
18337,1
18338,1
18352,1
18367,1
18369,1
18371,0
18405,1
18408,1
18409,1
18411,1
18415,1
18420,1
18430,1
18435,1
18446,0
18447,0
18448,0
18449,1
18456,0
18457,0
18459,0
18460,0
18462,0
18465,0
18479,0
18485,1
18486,1
18488,1
18490,1
18492,1
18493,1
18501,1
18502,1
18504,1
18505,1
18507,1
18508,1
18528,0
18540,0
18542,0
18546,0
18555,0
18556,0
18558,0
18560,1
18568,1
18569,0
18573,1
18581,0
18635,0
18641,0
18642,0
18646,1
18654,1
18657,1
18658,1
18660,1
18661,1
18663,1
18667,1
18669,1
18671,1
18672,1
18677,1
18678,1
18680,0
18681,1
18683,1
18685,0
18691,1
18697,1
18701,1
18704,0
18706,1
18707,1
18709,1
18715,1
18717,1
18722,1
18729,1
18730,1
18748,1
18751,1
18758,1
18762,1
18766,1
18779,0
18782,0
18783,1
18810,1
18814,1
18817,1
18819,1
18820,0
18821,1
18823,1
18840,1
18843,0
18847,1
18855,1
18866,1
18867,1
18870,1
18879,1
18880,1
18884,1
18887,0
18893,0
18900,1
18904,1
18909,0
18914,0
18916,1
18917,0
18923,0
18930,1
18931,1
18937,0
18940,1
18941,0
18944,1
18946,0
18947,1
18950,1
18952,1
18960,1
18963,0
18965,1
18966,0
18972,1
18976,1
18983,1
18987,0
18989,0
18991,1
18992,0
18999,1
19003,1
19008,0
19025,1
19032,1
19056,1
19059,1
19060,0
19068,1
19069,1
19073,1
19074,0
19076,0
19077,0
19084,0
19086,1
19087,1
19089,1
19091,1
19094,1
19098,1
19101,1
19102,1
19108,1
19112,1
19113,1
19119,1
19120,1
19121,1
19122,1
19129,0
19141,1
19144,1
19145,0
19147,1
19148,1
19152,1
19160,1
19163,1
19184,1
19200,1
19211,1
19218,1
19219,1
19229,1
19230,0
19241,0
19242,0
19247,0
19249,0
19256,0
19259,1
19260,0
19261,1
19262,1
19276,1
19351,0
19353,1
19354,1
19355,1
19362,1
19368,1
19369,1
19373,1
19374,1
19375,1
19376,1
19381,1
19382,1
19383,1
19385,1
19387,1
19388,1
19390,1
19391,1
19395,1
19396,1
19397,1
19398,1
19399,1
19400,1
19401,1
19402,1
19403,1
19404,1
19405,1
19406,1
19407,1
19408,1
19409,1
19410,1
19412,1
19419,1
19426,1
19435,1
19436,1
19438,1
19442,1
19450,1
19452,0
19454,1
19462,0
19471,0
19506,1
19507,0
19508,0
19513,1
19526,1
19527,1
19534,1
19536,1
19540,1
19551,1
19567,1
19573,1
19577,1
19596,1
19598,1
19608,1
19609,1
19610,1
19632,1
19637,1
19640,1
19641,1
19642,1
19666,1
19675,1
19677,1
19684,1
19697,0
19717,1
19720,0
19724,1
19726,1
19742,1
19743,1
19754,1
19768,1
19769,1
19794,1
19795,1
19802,1
19807,1
19812,1
19818,0
19820,1
19842,1
19843,1
19845,1
19846,0
19858,1
19859,1
19866,1
19878,1
19881,1
19882,1
19888,0
19893,0
19907,0
19908,0
19911,0
19914,0
19915,0
19930,1
19931,0
19934,0
19936,0
19944,0
19945,1
19950,1
19956,0
19958,1
19962,1
19964,1
19974,1
19981,1
19983,1
19994,1
19997,1
20002,1
20007,1
20008,1
20012,1
20021,1
20025,1
20033,1
20036,1
20071,1
20074,1
20089,1
20101,1
20103,1
20115,1
20116,1
20117,1
20118,1
20119,1
20126,1
20137,1
20139,1
20140,1
20141,1
20142,1
20143,1
20144,1
20145,1
20147,1
20148,0
20149,1
20151,1
20161,1
20164,1
20165,1
20168,1
20173,1
20180,1
20183,1
20202,0
20205,0
20206,0
20212,1
20247,1
20269,0
20281,1
20293,1
20313,0
20317,1
20321,0
20322,1
20337,1
20339,1
20342,1
20344,1
20348,1
20349,1
20351,1
20355,1
20356,1
20371,1
20402,0
20413,1
20470,1
20482,1
20483,1
20485,1
20492,1
20493,1
20502,1
20506,1
20527,1
20529,1
20530,1
20534,1
20546,1
20555,1
20572,1
20576,1
20581,1
20584,1
20591,1
20592,1
20596,0
20603,1
20607,0
20621,0
20630,1
20632,1
20664,1
20665,1
20669,1
20670,1
20682,1
20688,1
20689,1
20691,1
20692,1
20699,1
20700,1
20702,1
20703,1
20710,1
20718,1
20719,1
20720,1
20725,1
20729,1
20739,1
20746,1
20758,1
20760,1
20761,1
20762,1
20768,1
20770,1
20772,1
20773,1
20775,1
20777,1
20799,1
20801,1
20808,1
20809,1
20810,1
20812,1
20813,1
20817,1
20820,1
20823,1
20827,1
20830,1
20840,1
20852,1
20854,1
20857,0
20858,0
20860,1
20868,1
20878,1
20881,1
20884,1
20888,1
20893,1
20921,1
20923,1
20924,1
20928,1
20930,1
20936,1
20937,1
20938,1
20941,1
20946,1
20949,1
20950,1
20951,1
20952,1
20954,1
20956,1
20962,1
20967,1
20968,1
20969,1
20970,1
20974,1
20975,1
20978,1
20979,1
20984,1
20992,1
20995,1
20997,1
21002,1
21007,1
21011,1
21014,1
21019,1
21021,1
21022,1
21024,1
21026,1
21030,1
21033,1
21036,1
21043,1
21057,1
21059,1
21060,1
21061,1
21088,1
21097,1
21101,1
21102,1
21103,1
21105,1
21106,1
21117,1
21125,1
21130,1
21131,1
21140,1
21142,1
21143,1
21144,1
21151,1
21152,1
21153,1
21155,1
21156,1
21167,1
21168,1
21171,1
21173,1
21174,1
21188,1
21198,1
21201,1
21231,0
21248,1
21289,1
21296,1
21305,1
21325,1
21340,1
21341,1
21347,1
21350,1
21363,1
21373,1
21376,1
21378,1
21388,1
21390,1
21398,1
21408,1
21411,1
21415,1
21416,1
21417,1
21420,1
21425,1
21433,0
21434,1
21435,1
21437,1
21438,1
21444,1
21451,1
21454,1
21457,1
21476,1
21477,1
21479,1
21482,1
21492,1
21502,1
21505,1
21506,1
21507,1
21517,1
